Acourtia pulchella,No Records Found.,Tue Jul 16 09:20:56 2024
Acourtia pulchella,No Records Found.,Tue Jul 16 09:20:56 2024
Arctomecon californica,No Records Found.,Tue Jul 16 09:24:27 2024
Acourtia pulchella,No Records Found.,Tue Jul 16 09:20:56 2024
Arctomecon californica,No Records Found.,Tue Jul 16 09:24:27 2024
Pinguicula greenwoodii,No Records Found.,Tue Jul 16 09:24:28 2024
Acourtia pulchella,No Records Found.,Tue Jul 16 09:20:56 2024
Arctomecon californica,No Records Found.,Tue Jul 16 09:24:27 2024
Pinguicula greenwoodii,No Records Found.,Tue Jul 16 09:24:28 2024
Lepanthes sousae,No Records Found.,Tue Jul 16 18:01:08 2024
Acourtia pulchella,No Records Found.,Tue Jul 16 09:20:56 2024
Arctomecon californica,No Records Found.,Tue Jul 16 09:24:27 2024
Pinguicula greenwoodii,No Records Found.,Tue Jul 16 09:24:28 2024
Lepanthes sousae,No Records Found.,Tue Jul 16 18:01:08 2024
Lepanthes mariae,No Records Found.,Tue Jul 16 21:37:19 2024
Acourtia pulchella,No Records Found.,Tue Jul 16 09:20:56 2024
Arctomecon californica,No Records Found.,Tue Jul 16 09:24:27 2024
Pinguicula greenwoodii,No Records Found.,Tue Jul 16 09:24:28 2024
Lepanthes sousae,No Records Found.,Tue Jul 16 18:01:08 2024
Lepanthes mariae,No Records Found.,Tue Jul 16 21:37:19 2024
Atriplex valdesii,No Records Found.,Tue Jul 16 21:40:22 2024
Acourtia pulchella,No Records Found.,Tue Jul 16 09:20:56 2024
Arctomecon californica,No Records Found.,Tue Jul 16 09:24:27 2024
Pinguicula greenwoodii,No Records Found.,Tue Jul 16 09:24:28 2024
Lepanthes sousae,No Records Found.,Tue Jul 16 18:01:08 2024
Lepanthes mariae,No Records Found.,Tue Jul 16 21:37:19 2024
Atriplex valdesii,No Records Found.,Tue Jul 16 21:40:22 2024
Habenaria horaliae,No Records Found.,Tue Jul 16 22:35:57 2024
Acourtia pulchella,No Records Found.,Tue Jul 16 09:20:56 2024
Arctomecon californica,No Records Found.,Tue Jul 16 09:24:27 2024
Pinguicula greenwoodii,No Records Found.,Tue Jul 16 09:24:28 2024
Lepanthes sousae,No Records Found.,Tue Jul 16 18:01:08 2024
Lepanthes mariae,No Records Found.,Tue Jul 16 21:37:19 2024
Atriplex valdesii,No Records Found.,Tue Jul 16 21:40:22 2024
Habenaria horaliae,No Records Found.,Tue Jul 16 22:35:57 2024
Malaxis perezii,No Records Found.,Wed Jul 17 08:21:42 2024
Acourtia pulchella,No Records Found.,Tue Jul 16 09:20:56 2024
Arctomecon californica,No Records Found.,Tue Jul 16 09:24:27 2024
Pinguicula greenwoodii,No Records Found.,Tue Jul 16 09:24:28 2024
Lepanthes sousae,No Records Found.,Tue Jul 16 18:01:08 2024
Lepanthes mariae,No Records Found.,Tue Jul 16 21:37:19 2024
Atriplex valdesii,No Records Found.,Tue Jul 16 21:40:22 2024
Habenaria horaliae,No Records Found.,Tue Jul 16 22:35:57 2024
Malaxis perezii,No Records Found.,Wed Jul 17 08:21:42 2024
Encyclia contrerasii,No Records Found.,Wed Jul 17 08:30:29 2024
Acourtia pulchella,No Records Found.,Tue Jul 16 09:20:56 2024
Arctomecon californica,No Records Found.,Tue Jul 16 09:24:27 2024
Pinguicula greenwoodii,No Records Found.,Tue Jul 16 09:24:28 2024
Lepanthes sousae,No Records Found.,Tue Jul 16 18:01:08 2024
Lepanthes mariae,No Records Found.,Tue Jul 16 21:37:19 2024
Atriplex valdesii,No Records Found.,Tue Jul 16 21:40:22 2024
Habenaria horaliae,No Records Found.,Tue Jul 16 22:35:57 2024
Malaxis perezii,No Records Found.,Wed Jul 17 08:21:42 2024
Encyclia contrerasii,No Records Found.,Wed Jul 17 08:30:29 2024
Lobelia diazlunae,No Records Found.,Wed Jul 17 08:50:22 2024
Acourtia pulchella,No Records Found.,Tue Jul 16 09:20:56 2024
Arctomecon californica,No Records Found.,Tue Jul 16 09:24:27 2024
Pinguicula greenwoodii,No Records Found.,Tue Jul 16 09:24:28 2024
Lepanthes sousae,No Records Found.,Tue Jul 16 18:01:08 2024
Lepanthes mariae,No Records Found.,Tue Jul 16 21:37:19 2024
Atriplex valdesii,No Records Found.,Tue Jul 16 21:40:22 2024
Habenaria horaliae,No Records Found.,Tue Jul 16 22:35:57 2024
Malaxis perezii,No Records Found.,Wed Jul 17 08:21:42 2024
Encyclia contrerasii,No Records Found.,Wed Jul 17 08:30:29 2024
Lobelia diazlunae,No Records Found.,Wed Jul 17 08:50:22 2024
Hymenocallis araniflora,No Records Found.,Wed Jul 17 09:03:50 2024
Rubus sierrae,No Records Found.,Sat Jul 20 12:35:27 2024
Rubus sierrae,No Records Found.,Sun Jul 21 10:03:47 2024
Rubus sierrae,No Records Found.,Sun Jul 21 10:03:47 2024
Echeandia elegans,No Records Found.,Sun Jul 21 11:27:44 2024
Rubus sierrae,No Records Found.,Sun Jul 21 10:03:47 2024
Echeandia elegans,No Records Found.,Sun Jul 21 11:27:44 2024
Malaxis contrerasii,No Records Found.,Sun Jul 21 11:29:07 2024
Rubus sierrae,No Records Found.,Sun Jul 21 10:03:47 2024
Echeandia elegans,No Records Found.,Sun Jul 21 11:27:44 2024
Malaxis contrerasii,No Records Found.,Sun Jul 21 11:29:07 2024
Pavonia venusta,No Records Found.,Sun Jul 21 11:29:08 2024
Justicia cuicatlana,No Records Found.,Mon Jul 22 11:23:23 AM 2024
